一星等,五星等
華航,服務
不,華航
空服員,餐點
飛機,飛機
沒有,搭乘
乘客,舒適
服務,好
可以,親切
航空公司,可以
態度,機上
知道,座位
行李,非常
不要,選擇
航空,人員
公斤,不錯
台灣,航空
好,經濟艙
服務人員,時間
空姐,飛行
等,商務
小姐,不
搭乘,好吃
提供,班機
座位,艙
班機,搭
規定,餐
調整,回程
這種,旅客
之後,空服員
中華,沒有
問題,態度
個,吃
前面,航空公司
地勤,舒服
選擇,機場
旅客,台灣
就算,航班
登機,貼心
差,等
未,小時
當天,行李
告知,空姐
怎麼,中華
經理,電影
椅子,臺北
空服人員,旅程
壓到,不會
個人,多
一,提供
王,空服
臺北,中
水杯,小
媽媽,登機
發現,很多
座椅,螢幕
詢問,寬敞
這麼,空間
值班,整體
不會,體驗
直接,起飛
啊,乘客
下,娛樂
客服,豪華
居然,報到
笑,第一次
權力,飛
督導,而
先,大
第一次,座椅
空,方便
美的,很棒
任何,飲料
幫忙,使用
妳,新
上機,水準
造成,推薦
機票,滿意
願意,十分
舒服,延誤
香港,感受
位子,豪經艙
出來,專業
護照,出發
放,去程
洗,機艙
航班,曼谷
日,長榮
里斯本,準時
話,美味
發生,位置
非常,轉機
使用,希望
而,詢問
商務艙,香港
毛毯,麵
往後,日本
那個,自助
躺,乾淨
開始,看到
不想,起來
後面,一
降落,笑容
問,車站
哪位,平穩
小時,桃園
月,抵達
自己,可
權利,機組人員
卡,航線
應該,需求
商務,食物
倉,東京
朋友,雪梨
無,無法
國家,降落
不行,設備
機場,需要
餐點,地勤人員
聽障,系統
回答,喜歡
上映,機型
原本,品質
賣弄,機會
這些,空
一臉,前往
國際,良好
錢,味道
改變,航程
狀況,意外
過了,罷工
前一天,安全
選位,所有
心情,來回
好像,可惜
上班,長途
這位,棒
別人,影片
品質,沒想到
旅行,空中
人員,幫忙
桌上,建議
行程,貴賓室
中間,搭機
拿,穩定
轉機,特別
愉快,個人
服務態度,此次
空間,沖繩
飛,機師
很差,旅遊
天,普通
改,升
自行,經驗
客人,舒適度
準備,排隊
年,快速
同時,個
線上,一貫
經驗,霜淇淋
教育,服務員
最大,小孩
飛往,友善
大約,往返
餐盤,開始
達,謝謝
壞,出國
方便,牛肉
既,耳機
聽聞,廁所
初,享受
搭,看
嗯,短程
經濟艙,服員
送,主動
過,飛往
乘坐,餐食
客氣,值得
沒想到,一定
從頭到尾,機長
無言,整趟
第二,內容
椅背,遇到
有趣,讚
當,雞肉
回應,剛好
事情,過程
分鐘,高
不好,整體而言
這時候,因此
竟然,地
找,足夠
反應,目的地
前方,空少
不能,還算
代表,頗
低,泰國
糟糕,不到
跑,搭過
壓,上機
訓練,地勤
布,選
預辦,一班
一對,一次
確認,早上
友善,肯亞
優先,超級
教導,倫敦
電影,便宜
更改,得到
里程,餐飲
多,椅子
寫,帶著
旁邊,點心
奧克蘭,旅行
當下,老舊
到底,出差
日本,東西
起飛,蒲田
入關,前方
空服,充電
聊,位子
東西,協助
姊,國泰
給,公司
時間,設計
看到,電視
印象,適合
不熟,線
睡覺,組員
或者,不用
通知,最新
電話,水果
話語,資深
很多,直飛
溫度,高雄
共用,休息
再也,睡覺
家人,吉隆玻
中文,有禮
無法,佳
三,給
下麵,關心
沒搭過,優惠
還站,自
說不說,海鮮
含,照顧
整台,巴士
道歉,成田
不到,發現
收走,行程
粗魯,氣流
不耐,技術
發出,羽田
丟到,滿足
衛生紙,多樣
聽到,當天
當時,噪音
收起,設施
桌子,細心
老闆,櫃台
老牌,情況
排隊,到位
問的,完美
永遠,聽
到布,櫃檯
超級,=--
過去,機
不見,寄
決定,真
現實,購買
還得,機票
想要,等到
劃位,安心
魯莽,之後
道理,注意
何況,費用
不耐煩,峇
坐過,配置
通融,途中
不讓,突如其來
放置,用餐
他過,給予
維也納,考慮
對待,進步
前心裡,排
改善,硬體
航站,本次
說出,幸運
加強,一趟
發脾氣,價格
爛爛,誤點
片子,附近
操作,不適
別說,長程
等待,太多
即可,一般
機器,原本
大,紅眼
母湯,乘坐
放行,米飯
經營,半夜
輕描淡寫,登
花錢,自己
一片,感謝
螢幕,問題
主管,服
放到,時段
值務,不好
叫,搭到
兩個,真心
官僚,時候
聽,內
一家,要求
中,.
餐桌,爸媽
請人,行時
相關,無聊
乾脆,包含
託運,坐位
=---,晚
受教,表現
關島,知道
物,工會
並對,臉上
傲慢,軟硬
訂位,高空
票,推
事後,播放
粵語,送
倒楣,廉價
號的,水準
開達,可能
疑問,關係
情形,經常
問櫃台,致上
互動,平躺
幾位,國家
虛滿,重新
誤解,影音
選,保持
是否是,喝
基本上,寶貝
餐畢,採用
滿耶,決定
所謂,可口
回去,卡住
積極主動,感
同一,改善
建議,明顯
無人,提早
八人分,插座
覺的,愉悅
剩下,環境
做線,少
從來,美中不足
爸媽,韓國
馬上,即使
爛的,該
怎樣,一起
一間,熱食
看過,的話
第二天,先
候補,過夜
清算,容易
可能性,洗手間
講,候機室
經過,拿
臉,擺盤
儉討,甜點
懷抱,松山
便利,桃機
定期,旅行社
歧視,登機口
世紀,美食
推動,更是
職班,維持
高雄,享用
無帶,到達
拜拜,安排
精神,出遊
員工素質,提升
枕,處理
針對,隔壁
度蜜月,才能
度,差
舒適,電車
協助,客人
希望,任何
推說,開心
容忍,無微不至
理解,北海道
是從,素食
裡就,很快
直到,票價
放心,優質
要加,同行
不曾,託運
己,往
推薦,漢堡
廉航,姓氏
全程,當時
關係,體貼
扯,精緻
嘖,度
加價,好好
灑,飯
問了,飛安
奇怪,生命
空難,趟
髒,表情
問達美,回到
義務,華
看不起,廣播
臨時,心情
語塞,旁邊
擠,超過
考慮,真是
靠窗,熱情
未來,三歲
補償,直接
一周,期間
舊片,想要
多國,空廚
方案,缺點
不願理,之上
清洗,過於
很髒,送餐
爛,機箱
再說,哈根達斯
人先,有趣
自助,零食
老,全程
口味,國內
禦寒衣,長途旅行
熟悉,玩
認,首選
日期,國籍
辦,小寶貝
沒說,頭暈
阻止,身體
歧視性,更改
資料,順暢
可能,愉快
著實,晚餐
第二段,馬上
第一段,擦痕
原來,個別
規矩,告知
一同,整潔
囉,味蕾
本地,孔
轉頭就走,哈哈哈
母子,商品
打,收
發餐,原來
進出,今次
原以,頭等艙
一定,遊戲
欠,機程
調回,基本上
料,盡力
年紀,心目
煎,臨時
稻草,下
沒遇過,忐忑
意思,溫暖
孩童,難得
頭上,適中
想換票,主餐
信用,掛著
一大堆,登上
位置,機時
太吵,很長
重要,雪糕
對方,安撫
別,選到
理由,視聽
大聲,重點
不少,很大
插進,不賴
難吃,質感
頸,主打
好幾位,還會
越南,完成
餐發餐,乾
剩,艙回
喝水,奈洛比
這和,預辦
澳門,係
假日,準備
徹底,打發
錯誤,機身
發毛,優於
事,寶寶
一律,台
澳,次
之類,四段
出境,同機
得到,禮貌
反醒,尚可
應有,品牌
當然,轉
號,太小
安排,改進
機上,新型
不同,服務周到
查詢,清晰
強迫,令
放餐,還能
辦公室,太太
還帶,有效率
阿姆斯特丹,首爾
一根,座
茶水,本人
先行,漂亮
干涉,語言
堅持,免費
過程,食用
相,月
那邊,澳洲
重點,不必
走進,驚艷
換我,阻絕
面前,阿
遞,壓力
自認,增加
緣故,不少
同個,略嫌
先知,飲食
人民,失望
後方,繼續
確定,住
要命,很久沒
橫躺,水
原位,一路
少爺,蓋
一半,這條
變成,內裝
素質,維也納
正在,不想
丟的,形象
設計,三杯
離,迅速
溝通,比起
找麻煩,乖乖
的話,看起來
胡志明市,凈
邏輯,載
有誤,影視
呂,飲品
必恭必敬,全
假期,距離
既然,現煮
臭,例如
這番,重要
泰航,全家
拿到,穩
百位,很近
極度,新加坡
講話,羽田機場
處理,錢
北京,酒店
還不,作業
強,清潔
之分,毛毯
當地,各式
道,兩種
拒絕,上海
無論,公分
親自,來自
連第,清楚
先生,小點心
回我,免稅
開放,美好
一種,吸引
目前,不行
剛好,華膳
上餐,廚房
冤冤相報,泰航
開心,原以
概念,機器
坐在,坐到
也許,舊
提早,放心
縮排,微波
箱,細緻
興奮,就讓
打到,時時刻刻
七步,兩個
看電視,裡島
臉色,參加
隨便,立即
全壓,突然
重新,下回
體驗,耐心
直至,大力
回覆,首先
夠少,就過
夠臭,導致
毯,綠色
辦理,艙到
快,中斷
手上,枕
霸王,吧檯
還跟,新穎
名字,錯過
拿過,毛巾
回國,家
有事,太舊
指,變大
身為,效率
閒聊,擠
客戶,伸展
差不多,裡
少數幾位,餐有
年輕,兩
以上,興奮
級,無論
一副,面帶笑容
種族歧視,亦
遇到,符合
半,小姐
很大,頻率
離譜,相較
港式,每位
支援,飛航
餐送,完整
補充,音樂
沒想,睡
出門,有些
該,前面
佩,女性
翻白眼,隨時
連句,趕
兩歲,度假
老公,早餐
貧貴,當機
離職,使得
線,敬意
飛安,小小的
疑慮,廉航
言詞,安靜
手續,勤
一百多,高度
排是,竟然
早就,不能
有多差,思考
地勤人員,年前
非必要,按
坐船到,支持
海天,證
客運碼頭,其次
四月,多樣化
下船,酒類
嘛,員
櫃檯,充分
趕緊,不論是
辦法,不說
自從,必
就讓,加長
地方,可愛
何處,全新
又問,一塊
一次,很少
調正,幫
聽不懂,鹹
片,接受
離開,班次
辦好,短短的
空調,果真
爛透,椅距
公開場合,頸
缺失,朋友
不用說,塔臺
型,口味
諸如此類,第一
倒閉,出現
最好,這麼
執行,入境
起來,段
很少,最佳
新,應該
別家,地方
頓時,運行
投訴,男性
搞,座艙
大排長龍,問候
甚至,期待
搭過,我會
同根,等候
乖乖,航行
還慢,空服員會
天荒地老,程
誰,機組
運用,熱誠
老婆,行李箱
懷孕,零嘴
大肚子,登記證
問問,歐洲
的說,客氣
孕婦,下來
商旅,只要
悲劇,印象
櫃寄,雞
糟透,不帶
一群,阿姆斯特丹
有夠,執飛
變,外國人
打電話,以往
外國人,盥洗
特定,這間
故意,公斤
櫃台,觸控
大部分,腳
水,抗噪
換位,還送
申訴,很累
厭世,唯獨
中國,優先
亦,長輩
太多了,上方
繳錢,買
晚上,會員
轉搭,重量
不負責任,炒飯
不可思議,反而
輸送帶,深深
第,桌子
上午,外籍
時半,分開
一封,省親
收到,平安
運送,無憂
國外,應
乾掉,賞櫻
實說,跟團
期待,須先
員,總體
吳遙,看久
臉超,模糊
想像中,視頻
親切,室
某,結果
結束,觸控式
長途,一台
飛行,敏感
接到,簡訊
穿插,未來
購買,年來
不佳,蕃薯
幾個,有名
幫助,一個月
法國人,訂
進來,年初一
但輪,因為過
珊,一眨眼
冷到,觀賞
人要,配餐
尊重,配料
謝謝,滋味
本是,永遠
何太急,白米
坐同,多謝
這家,各空服
位,改早
本國,借
用餐,為例
難道,空員
字眼,她們
留下,各
頭等艙,一行
付錢,裝修
看,寄艙
明明,的是
自然,橫跨
呢,連稅
今年,港幣
數量,大為
二月,打招呼
一位,輕放
女士,打攪
一排,哦
公司,對手
將他,大幅度
此事,近幾年來
區的,有善
開發,延後
性,順利
喜歡,票期
三個,原因
有關,透過
析嗎,有事
一堆,春季
越南人,大阪
言論,去年
去程,越來越
合適,哭鬧
兩次,家長
生,禮物
一行,妳
影響,躺平
電腦,合胃口
看出,千歲
英文,勝利
不滿,原敞
語文,不足
待,位偏
今天,驚喜
小,操作系統
滷蛋,變得
空位,一上
換,選取
回來,客滿
人會,按摩椅
稍晚,預期
二人,價格比
分坐,從來
四排,私人
落單,人性化
情侶,折扣
倆,杜
超過,那樣
部份,早就
識,不太好
初因,回來
包裹,舉動
需要,午餐
邊,我醒
分公司,晚睡
聯絡,前天
連續,款待
道歉信,香片
將,提醒
官網,流時
來回,沒人
各選,會帶
餐包,怕
沒問,雙語
回程,強迫症
誇張,給它
更是,可買個
不悅,在意
此舉,呢
票去,哪個
糟透了,那種
餐盒,擦傷
時因,托運
,閱讀
,撥放
,共同
,何
,不知
,一種
,居然
,雖有
,唯
,索取
,還餓
,一杯
,奉上
,飯後
,加上
,漫長
,直覺
,操作
,置
,規劃
,滿位
,升降
,看出
,贈送
,不長
,此
,上層
,狀況
,觀看
,睡眠
,立刻
,過重
,的還
,還好
,了啊
,好嗎
,這排
,發到
,派
,齊
,超快
,整整
,而碎念
,包類
,節節
,會派
,絕對
,完畢
,日用品
,禁運
,等待
,要說
,平宜
,換取
,如想用
,往往
,從頭到尾
,暑假
,不僅
,翻掉
,直
,愛
,趴
,早
,打
,肉
,排骨飯
,直面
,沒人來
,坐慣
,闊
,頭皮
,硬著
,起
,控
,始終保持
,菜單
,前來
,就座
,返台
,想起
,一航廈
,從二航
,非
,惰況
,密集
,預定
,說明
,事項
,覺
,可圈可點
,洗手
,落
,的人
,伸直
,拉車
,杜拜
,大小
,寬
,年長
,上次
,實況
,看看
,評價
,搞
,二十幾分鐘
,其中
,一條
,同
,沒太大
,肉燥
,維持下去
,有次
,全部
,夢境
,歲
,即時
,還當機
,一面
,高鐵
,上升
,後進
,販售
,之外
,各地
,讓你在
,飛台灣
,南部
,同型
,首次
,外
,再有
,葷食
,親民
,上空
,欣賞
,有太多
,目前
,節目
,搭長
,即便
,盡
,冰島
,言語
,初體驗
,精準
,當初
,三名
,病
,加
,安全措施
,十幾次
,搭華
,和藹可親
,機員
,不吵
,客機
,眼睛
,驕傲
,到頭
,累
,做法
,周到
,不計
,魚骨
,眼罩
,耳塞
,而是
,正式
,北臉
,捷
,自營
,廚也能
,狹窄
,合理
,贊贊贊
,餐桌
,體認
,四周
,剛滿
,一番
,長還
,處入
,水酒
,全機
,可用
,飛到
,辛勞
,片
,全體
,地問
,嫩
,充滿
,倉
,其間
,中間
,逛
,小且
,昇
,逐漸
,國航
,地區
,赴
,壓迫感
,相信
,過的
,緣故
,惟
,休閒
,再度
,本土
,坐上
,新年
,落地
,門面
,檢查
,伸腿
,電話
,兩次
,毯子
,大多數
,小朋友
,小港
,不亂
,新內裝
,有限
,裡面
,碰到
,遇上
,笑臉
,訂票
,最棒
,此時
,然而
,新款
,下半身
,媽咪
,備感
,想不到
,對內
,不得不
,環保
,包跨
,早起
,權利
,塑造
,台語
,當然
,有過之而無不及
,秉持
,開胃菜
,出自
,治
,出來
,市場佔有率
,轉乘
,方便性
,遭殃
,比不上
,年紀
,供餐
,數與
,沒話說
,撞
,挫到
,滿滿的
,訂餐
,挺不錯
,談判
,很爛
,水郵
,好多個
,制度
,關懷
,個人化
,空服員們
,極有
,強制
,大且
,亂流
,四十年
,李
,選位
,逐步
,香檳
,太淡
,各種
,聯盟
,無托
,標示
,阿聯酋
,放滿
,令人滿意
,免稅品
,離
,蒲田及
,終點
,腳伸
,列印
,之下
,式
,變成
,改裝
,菩薩
,似乎
,則不
,檔
,卡遮藤
,換裝
,負責
,相距
,找
,新機
,一大半
,出境
,展現
,需多花
,中上
,安頓
,升級
,翻新
,二倍
,調度
,總以
,最早
,想方設法
,從小
,哈哈
,不像
,徜
,京急
,偏舊
,後悔
,專用
,投降
,區的
,感想
,嘗到
,不大
,領完
,需約
,無奈
,到訪
,大田
,性價比
,如下
,不愧
,走道
,新奇
,通常
,硬
,檸檬
,椅背
,日元
,詳細
,就要
,睡到
,眾多
,不趕
,難吃
,教
,東京國際
,三明治
,吐
,幹
,餐在
,航點
,位
,有緣
,有帶
,本
,瑞憲
,而過
,提早去
,起降
,忽悠
,畫面
,郵件
,擺
,值得稱讚
,駕駛
,家母
,物籃
,玩具
,嘰嘰
,環流
,隨身
,服務業
,省
,中南部
,談吐
,減速
,刮目相看
,公共
,治安
,代表
,別家
,能力
,項目
,九州
,變化
,十五分鐘
,早班
,冰棒
,左搖右
,吵雜
,製
,好點
,灣
,忘記
,一個多
,兒童
,拖泥帶水
,其
,五百多
,肉質
,啊
,拼命
,顯示
,悠久
,柿
,無須
,汙穢
,相對
,的確
,輕些
,悠閒
,進站
,短途
,節省
,上前
,一天
,港
,點先
,家累
,相關
,優先選擇
,高級
,亞洲
,熟悉
,話
,尊稱
,辦
,各項
,交通
,提
,不耐煩
,粥
,中規中矩
,反
,謝意
,算
,額外
,有幸
,身上
,姊
,市
,提出
,品川
,價格合理
,沙拉
,入
,飽到
,很忙
,不知不覺
,耶
,充足
,所選
,等等
,順口
,先計畫
,兩人
,雖說
,兩部
,除夕
,義大利
,以內
,推推
,都給
,支撐
,未必
,咱們
,乘機
,進去
,牌鋁殼
,坐好
,舟車勞頓
,內心
,悠遊
,金錢
,餅乾
,網路
,簽轉
,偶然
,商店
,新上
,數百人
,反應
,極為
,主力
,請客
,必要
,匆忙
,指定
,各家
,記錄
,從未
,周圍
,因冠
,問我
,之間
,自我介紹
,心
,當中
,起飛時間
,編排
,隊伍
,明明
,口齒
,不差
,端
,熱熱
,過
,附加
,回台灣
,並且
,小巫見大巫
,肚子餓
,一流
,天合
,普普通通
,未到
,大大
,更好
,更加
,處處
,機餐
,不同
,農曆
,大多
,市中心
,米糧
,型
,卡
,台灣味
,控制
,火腿
,壅
,好處
,松山區
,值
,東南亞
,便利性
,各大
,因春
,夫妻
,順序
,甜美
,清晨
,多位
,山驛
,理由
,粉刷
,點半
,計算
,預訂
,生日
,中是
,建築物
,指引
,可供
,改艙
,走進
,小寶寶
,鈴也
,稍
,嚇了一跳
,疲憊
,丁姓
,掛到
,大而
,出自於
,酒品
,太大
,整齊乾淨
,數量
,臺灣
,後面
,政策
,銷售
,退步
,坐經
,輸送帶
,駕駛艙
,不佳
,總結
,執非
,穩的氣
,味
,互動式
,領到
,餐後都會
,一切
,長達
,最怕
,一切都是
,而當
,釋放出來
,光線
,戰利品
,物
,還會用
,搖晃
,加強
,出色
,太老舊
,吵鬧
,營幕
,很美
,專屬
,人體工學
,泰語
,略勝
,字
,距
,躁動
,化解
,有目共睹
,掌握
,小睡
,輔助
,要點
,傳統
,通關
,成正比
,簡單
,很漂亮
,舒適性
,準確無誤
,付
,找到
,排餐
,山水
,迷路
,短暫
,叫
,這台並
,吃得飽
,隔天
,親切感
,印
,尾聲
,習慣
,相連
,滑嫩
,扣分
,空位
,滷蛋
,動
,看書
,自備
,言喻
,跨洲
,好看
,餐均
,主
,理解
,服員較
,餐蠻
,趨近
,名稱
,客服
,關西
,年
,並不比
,快點
,錯失
,嘔吐
,溫馨
,汰舊換新
,回飛
,外面
,高於
,步行
,適當
,典雅
,還大
,延遲
,很貴
,櫃都
,化
,要續
,信任
,因而
,空港
,很好
,小說
,大幅
,囉
,聽不懂
,一度
,機位
,運輸
,煥然一新
,歷史
,疲勞感
,包內
,整台
,托
,前一天
,烏龍
,國外
,節省時間
,確保
,空乘
,發完
,附贈
,休憩
,應付
,基本
,航
,網路上
,腿部
,十分鐘
,很晚
,雖因
,木紋
,突出
,我品
,放鬆
,還在
,市區
,您們
,住宿費
,半個
,語彙
,時空
,夜晚
,情形
,松山機場
,後果
,探險
,圖案
,想住
,工時
,遜
,飛回
,臨危
,不再
,全世界
,稱乎
,氣質
,遲頓
,生命安全
,女友
,較能
,熱湯
,官方網站
,尷尬
,己見
,分享
,孩子
,羊毛
,常常
,著實
,限制
,第一排
,未滿
,愈來愈好
,靠窗
,最長
,肚子
,服務項目
,牆
,和藹
,先生
,說好
,泰國人
,差一點
,外國
,上餐
,疲態
,三
,遞送
,拖鞋
,純粹
,託
,當我
,講求
,颱風
,買票
,介面
,時有
,較大
,回應
,平板
,塞機
,塞
,飛經
,電燈
,顏色
,搭載
,樂意
,很夠
,親善
,吃吃喝喝
,餐外
,況且
,一會
,郵驛
,比價
,定時
,相同
,春節
,盡職
,未現
,必須
,解決問題
,有效
,目的
,優點
,俐落
,甚麼
,一片
,以上
,是講
,端過來
,設計師
,同時
,時共托運
,西安
,上面
,精神
,回家
,採取
,有位
,總重量
,交通部
,怎麼
,政府
,條件
,法人代表
,做出
,維繫
,梅花
,放手一搏
,損益
,歉意
,有種
,空中小姐
,極度
,妥協
,看似
,福
,不靈敏
,威脅
,拿到
,帳握
,不堪
,造訪
,確認
,看來
,訴求
,蛋糕
,任何人
,叫囂
,花花
,區
,儘量避免
,人家
,無疑
,來換
,策略
,洲際
,利潤
,著著
,冬天
,飽
,從進
,節假日
,取完
,流程
,特調
,超順
,包容
,性
,則是
,輕快
,中空
,稱呼
,超好
,老牌子
,窩心
,問
,李與
,還新
,人吧
,輕切
,好用
,手續
,待人
,大約
,身高
,細
,過後
,小孩子
,不吃
,老公
,札幌
,地被
,捨棄
,事前
,盡責
,上網
,一個舒服
,豐盛
,腰
,守治序
,訪友
,波音
,有佩佩豬
,湯瑪士
,火車
,一到
,數據
,還幫
,溫度
,人工
,艙要
,曾經
,唸
,重視
,牙刷
,說試
,觀世音
,渡過
,天荒地老
,遺憾
,超乎
,冰凍
,未
,剛
,左
,三排
,右
,排座位
,稍嫌
,副
,性別
,國宅
,這讓
,烏龍茶
,苦澀
,孔及
,泰
,堡
,瞪
,間距
,款型
,不卑不亢
,理想
,台籍
,影響
,縮短
,難以
,滿棒
,取出
,晚上
,點多
,機捷
,站
,搭泰航
,買賣
,後方
,茶葉蛋
,哪家
,垃圾
,幾排
,不夠
,特殊
,熱度
,關鍵
,引導
,航廈
,先到
,屬於
,終於
,過去
,較貴
,一碗
,積極
,發餐
,隨選
,要加
,發放
,講
,心想
,很常
,慢
,歪歪
,末班車
,奧克蘭
,帶上
,雅加達
,之一
,保留
,機到
,好脾氣
,交錯
,預選
,吃不下
,閒話家常
,經濟
,預算
,想帶
,備有
,成行
,訂購
,獲得
,先前
,凹
,葉縣
,坐過
,家庭
,航機
,搭上
,機種
,選用
,一一
,尋找
,咖啡
,我放
,哪邊
,意料
,標準
,早晨
,安全感
,熱忱
,不隱定
,不斷
,加料
,差邊
,慮
,倒
,遙控器
,一小
,齊備
,絨布
,細節
,魚肉
,流暢
,作為
,執得
,簡直
,加入
,近幾年
,罐頭
,制服
,酒單
,粉紅
,要來
,滿大
,餐還
,票
,此行
,格外
,當地
,包覆
,多數
,恰到好處
,下午
,小到
,時刻
,空間感
,多一點
,過得
,遊玩
,去電
,搭程
,裡
,異味
,暈機
,膝蓋
,至少
,拳頭
,帶本
,對比
,四月份
,爛爛
,槽
,驚豔
,偷偷
,其他同學
,總有
,提示
,對話
,贅字
,語氣
,常遠
,影視娛樂
,音調
,不擠
,地用
,高姿態
,這種
,陳
,停留
,罷
,所
,擔心
,操刀
,客艙
,奢華
,裝飾
,大方
,購物
,菜色
,一大
,海外
,參訪
,一餐
,在乎
,解釋
,賓至如歸
,結尾
,習以
,為常
,悠哉
,慶生
,客
,十二萬分
,面帶
,團隊
,負擔
,烤
,不多
,分
,上述
,還碰
,開放
,較優
,晃眼
,有信
,關乎
,些
,意願
,供選擇
,超越
,拍拍手
,數
,熟練
,帶回
,準時到達
,剩
,常
,人們
,說真的
,外圍
,以前
,最好
,優質服務
,購得
,不論
,拓展
,佈局
,前進
,中停
,我是
,起飛前
,發
,擺設
,解決
,久聞
,好幾杯
,兩餐
,新蓋
,深刻
,伸腳
,如上
,高雄到
,認為
,短
,驚奇
,一併
,太硬
,掛
,靈敏
,內部
,打包
,泡
,美
,請空
,加熱
,筷
,有問必答
,太棒
,總算
,好開心
,兩岸
,貼紙
,航司
,舒心
,被迫
,潛艇
,燻雞
,供給
,聊天
,成功
,友人
,還沒卸
,點選
,當日
,洛杉機
,之遙
,從小到大
,擁有
,多年
,墊
,旅途
,之鷹
,不在話下
,放到
,兩位
,奮力
,出
,英辯
,竟
,二次
,靈活
,誤差
,阿提
,清理
,前帶
,五星
,鼓勵
,有時候
,近年
,划算
,優的
,前有
,包括
,唷
,拖著
,情感
,四天
,一霎那
,各個
,魯肉
,稍微
,減少
,哈德
,小燈
,最多
,初次
,意圖
,身軀
,感恩
,心安
,離家近
,躺
,達到
,中途
,記得
,使人
,做過
,下降
,近期
,不爽
,傳承
,從掛
,劃位
,坐在
,島
,傷感
,經理
,巡航
,-8
