這家航空公司服務人員能迅速提供我需要的服務,,,,,,
這家航空公司服務人員十分樂意為我提供幫助,,,,,,
"這家航空公司服務人員不會因為太忙,而忽略我的要求",,,,,,
服務人員態度親切,,,,,,
服務人員應變能力佳,,,,,,
服務人員不會因忙碌而疏於回應顧客的需要,,,,,,
服務人員不會提供相關的旅遊資訊,,,,,,
服務人員對我的需求與問題都能迅速回應,,,,,,
服務人員很樂意給予幫助,,,,,,
該航空公司 人員提供服務的即時性,,,,,,
該航空公司人員有能力處理突發狀況,,,,,,
空服人員的應變能力,,,,,,
空服人員的態度是否親切,,,,,,
空服人員遇到抱怨事項可以立即處理,,,,,,
廉價航空員工可以正確回答乘客的問題,,,,,,
我認為服務人員會詳盡的告知我有關搭機的內容及規定。,,,,,,
"我覺得服務人員能迅速提供我需要的服務,並且無語言障礙。",,,,,,
我覺得服務人員能妥善及即時處理旅客抱怨。,,,,,,
我覺得服務人員能在登機時確實做好引導並快速究成帶位服務。,,,,,,
我覺得我搭乘的這家航空公司空服員會提供旅客迅速的服務,,,,,,
我覺得我搭乘的這家航空公司空服員能有效處理飛機上特殊情況(例如:嬰兒長時間哭鬧、旅客身體不適),,,,,,
